id,sku,name,description,stock,price,category_id,supplier_id,image_url
a1b2c3d4-e5f6-7890-abcd-1234567890ab,AJI05,Ajinomoto Ginisa Mix 16 g,Ajinomoto Ginisa Mix 16 g,54,31.65,seasoning,,/images/products/AJI05.jpeg
a2b3c4d5-e6f7-8901-bcde-2345678901bc,AJI08,Ajinomoto Ginisa Mix 100 g,Ajinomoto Ginisa Mix 100 g,48,36.9,seasoning,,/images/products/AJI08.png
a3b4c5d6-e7f8-9012-cdef-3456789012cd,AJI26,Ajinomoto Crispy Fry Garlic 62 g,Ajinomoto Crispy Fry Garlic 62 g,13,249.23,seasoning,,/images/products/AJI26.jpeg
a4b5c6d7-e8f9-0123-defa-4567890123de,AJI25,Ajinomoto Sarsaya Oyster Sauce 30 g,Ajinomoto Sarsaya Oyster Sauce 30 g,24,32.35,condiment,,/images/products/AJI25.jpeg
a5b6c7d8-f9fa-1234-efab-5678901234ef,AJI45,Ajinomoto Crispy Fry Gravy Mix 20 g,Ajinomoto Crispy Fry Gravy Mix 20 g,12,43.48,seasoning,,/images/products/AJI45.jpeg
a6b7c8d9-0afb-2345-fabc-6789012345fa,AJI51,Ajinomoto Crispy Fry Original 30 g,Ajinomoto Crispy Fry Original 30 g,21,82.13,seasoning,,/images/products/AJI51.jpeg
a7b8c9da-1bfc-3456-abcd-7890123456ab,ALP02,Alpine Sterilized Milk 200 ml,Alpine Sterilized Milk 200 ml,36,25.79,dairy,,/images/products/ALP02.webp
a8b9cadb-2cfd-4567-bcde-8901234567bc,AME01,American Garden Coconut Milk 400 ml,American Garden Coconut Milk 400 ml,24,40.59,condiment,,/images/products/AME01.jpeg
a9bacbdc-3dfe-5678-cdef-9012345678cd,AND03,Andok’s Litson Sauce 340 g,Andok’s Litson Sauce 340 g,24,37.18,condiment,,/images/products/AND03.jpeg
aabacbdd-4eff-6789-defa-0123456789de,ANG12,Angel All-Purpose Creamer 250 ml,Angel All-Purpose Creamer 250 ml,24,46.46,dairy,,/images/products/ANG12.png
acbacdbe-5fff-789a-efab-1234567890ef,ANL04C,Anlene Milk 3× Plain 30 g,Anlene Milk 3× Plain 30 g,12,90.24,dairy,,/images/products/ANL04C.jpeg
adbacebf-6000-890b-fabc-2345678901fa,ANL20Y,Anlene Milk Gold 990 g,Anlene Milk Gold 990 g,1,693.5,dairy,,/images/products/ANL20Y.jpeg
aebacfcf-7111-901c-abcd-3456789012ab,APO14B,Apollo Petroleum Jelly 25 g,Apollo Petroleum Jelly 25 g,12,40.73,personal_care,,/images/products/APO14B.jpeg
afbad0d0-8222-012d-bcde-4567890123bc,ARI63,Ariel Powder Fresh Garden Bloom 64 g,Ariel Powder Fresh Garden Bloom 64 g,216,7.91,laundry,,/images/products/ARI63.png
b0bad1d1-9333-123e-cdef-5678901234cd,ARI32,Ariel Powder Surface Fresh 1.19 kg,Ariel Powder Surface Fresh 1.19 kg,12,143.25,laundry,,/images/products/ARI32.png
b1bad2d2-a444-234f-defa-6789012345de,ARI41,Ariel Liquid Power Gel Downy 60 ml,Ariel Liquid Power Gel Downy 60 ml,18,26.04,laundry,,/images/products/ARI41.jpeg
b2bad3d3-b555-3450-efab-7890123456ef,ARI54,Ariel Liquid Power Gel Fresh 730 g,Ariel Liquid Power Gel Fresh 730 g,8,91.19,laundry,,/images/products/ARI54.png
b3bad4d4-c666-4561-fabc-8901234567fa,ARI70,Ariel Powder Clean & Bright 66 g,Ariel Powder Clean & Bright 66 g,216,13.08,laundry,,/images/products/ARI70.jpeg
b4bad5d5-d777-5672-abcd-9012345678ab,ARI71,Ariel Powder Clean & Bright 90 g,Ariel Powder Clean & Bright 90 g,168,22.93,laundry,,/images/products/ARI71.jpeg
b5bad6d6-e888-6783-bcde-0123456789bc,ARI74,Ariel Bar Scrubber 125 g,Ariel Bar Scrubber 125 g,96,29.4,laundry,,/images/products/ARI74.jpeg
b6bad7d7-f999-7894-cdef-1234567890cd,ARI20O,Ariel Powder Surface Fresh Jumbo 66 g,Ariel Powder Surface Fresh Jumbo 66 g,30,78.54,laundry,,/images/products/ARI20O.png
b7bad8d8-0aaa-8905-defa-2345678901de,AXI63H,Axion Paste Kalamansi 550 g,Axion Paste Kalamansi 550 g,12,118.24,dish,,/images/products/AXI63H.png
b8bad9d9-1bbb-9016-efab-3456789012ef,AXI66H,Axion Paste Lemon 550 g,Axion Paste Lemon 550 g,12,118.24,dish,,/images/products/AXI66H.jpeg
b9badaaa-2ccc-0127-fabc-4567890123fa,BLU21,B'lue Drink Cucumber Lime 500 ml,B'lue Drink Cucumber Lime 500 ml,15,35.24,beverage,,/images/products/BLU21.png
babadbab-3ddd-1238-abcd-5678901234ab,BLU08,B'lue Drink Orange 500 ml,B'lue Drink Orange 500 ml,15,35.24,beverage,,/images/products/BLU08.jpeg
bbbadcac-4eee-2349-bcde-6789012345bc,BLU09,B'lue Drink Calamansi 500 ml,B'lue Drink Calamansi 500 ml,15,35.24,beverage,,/images/products/BLU09.jpeg
bcbadadb-5fff-345a-cdef-7890123456cd,BAC03B,Bactidol 60 ml,Bactidol 60 ml,6,61.58,healthcare,,/images/products/BAC03B.png
bdbadaec-6000-456b-defa-8901234567de,BAB08B,Baby Bench Cologne Jellybean 100 ml,Baby Bench Cologne Jellybean 100 ml,6,57.42,personal_care,,/images/products/BAB08B.jpeg
bebadbed-7111-567c-efab-9012345678ef,BAG09,Baguio Oil 1 Gallon Plastic,Baguio Oil 1 Gallon Plastic 3.2 kg,6,684.33,cooking_oil,,/images/products/BAG09.jpeg
bfbadcee-8222-678d-fabc-0123456789fa,BAG11D,Baguio Oil PET 2×1 l,Baguio Oil PET 2×1 l,6,366.33,cooking_oil,,/images/products/BAG11D.jpeg
c0baddef-9333-789e-abcd-1234567890ab,BAG18,Baguio Oil Sachet 40 ml,Baguio Oil Sachet 40 ml,288,2.06,cooking_oil,,/images/products/BAG18.png
c1badeef-a444-890f-bcde-2345678901bc,BAG41,Baguio Oil Tipid 1.8 l,Baguio Oil Tipid 1.8 l,12,332.25,cooking_oil,,/images/products/BAG41.png
c2badfff-b555-9010-cdef-3456789012cd,BIO03,Bambi Soap Bloom Pink 60 g,Bambi Soap Bloom Pink 60 g,120,11.82,personal_care,,/images/products/BIO03.jpeg
c3bae0ee-c666-0121-defa-4567890123de,BIO04,Bambi Soap Bloom Pink 90 g,Bambi Soap Bloom Pink 90 g,100,14.19,personal_care,,
c4bae1ef-d777-1232-efab-5678901234ef,BIO09,Bambi Soap Clean White 60 g,Bambi Soap Clean White 60 g,120,11.82,personal_care,,
c5bae2f0-e888-2343-fabc-6789012345fa,BIO21,Bambi Soap Clean White 135 g,Bambi Soap Clean White 135 g,72,39.4,personal_care,,
c6bae3f1-f999-3454-abcd-7890123456ab,BIO18,Bambi Soap Freshen Green 90 g,Bambi Soap Freshen Green 90 g,100,14.19,personal_care,,
c7bae4f2-0aaa-4565-bcde-8901234567bc,BIO20,Bambi Soap Freshen Green 135 g,Bambi Soap Freshen Green 135 g,72,39.4,personal_care,,
c8bae5f3-1bbb-5676-cdef-9012345678cd,BAR02,Bariño Fiesta Bagoong Regular 250 g,Bariño Fiesta Bagoong Regular 250 g,24,116.63,condiment,,
c9bae6f4-2ccc-6787-defa-0123456789de,BAR05,Bariño Fiesta Bagoong Spicy 500 g,Bariño Fiesta Bagoong Spicy 500 g,12,233.26,condiment,,
cabae7f5-3ddd-7898-efab-1234567890ef,BAY105,Baygon Multi-Insect Killer 300 ml,Baygon Multi-Insect Killer 300 ml,12,231,household,,
cbbae8f6-4eee-8909-fabc-2345678901fa,BAY20,Baygon Mosquito Coil Base 12 S,Baygon Mosquito Coil Base 12 S,60,20.52,household,,
ccbae9f7-5fff-901a-abcd-3456789012ab,BAY74,Baygon Mosquito Coil Violet 12 S,Baygon Mosquito Coil Violet 12 S,60,20.52,household,,
cdbaeaf8-6000-012b-bcde-4567890123bc,BEA14,Bear Brand Jr GUMilk 1–3 YRS 1.6 kg,Bear Brand Jr GUMilk 1–3 YRS 1.6 kg,6,806.74,dairy,,
cebaebf9-7111-123c-cdef-5678901234cd,BES41,Besuto Cracker Hot Spice 100 g,Besuto Cracker Hot Spice 100 g,100,22.23,snack,,
cfbaecfa-8222-234d-defa-6789012345de,BES44,Besuto Cracker Onion & Garlic 100 g,Besuto Cracker Onion & Garlic 100 g,100,22.23,snack,,
d0baedfb-9333-345e-efab-7890123456ef,BES47,Besuto Cracker Plain 100 g,Besuto Cracker Plain 100 g,100,22.23,snack,,
d1baeefc-a444-456f-fabc-8901234567fa,BIG17,Big 250 Juice Mango 250 ml,Big 250 Juice Mango 250 ml,10,9.74,beverage,,
d2baeffd-b555-5670-abcd-9012345678ab,BIG18,Big 250 Juice Guyabano 250 ml,Big 250 Juice Guyabano 250 ml,10,9.74,beverage,,
d3baf0fe-c666-6781-bcde-0123456789bc,BIG20,Big 250 Juice Grape 250 ml,Big 250 Juice Grape 250 ml,10,8.86,beverage,,
d4baf1ff-d777-7892-cdef-1234567890cd,BIG21,Big 250 Juice Pineapple 250 ml,Big 250 Juice Pineapple 250 ml,10,8.86,beverage,,
d5baf200-e888-8903-defa-2345678901de,BIN02,Bingo Cookie Double Chocolate 28 g,Bingo Cookie Double Chocolate 28 g,30,57.03,snack,,
d6baf301-f999-9014-efab-3456789012ef,BIN06,Bingo Meat Loaf 150 g,Bingo Meat Loaf 150 g,48,19.37,canned_meat,,
d7baf402-0aaa-0125-fabc-4567890123fa,BIN16,Bingo Corned Beef 100 g,Bingo Corned Beef 100 g,48,15.68,canned_meat,,
d8baf503-1bbb-1236-abcd-5678901234ab,BIR02F,Birch Tree Fortified Milk 300 g,Birch Tree Fortified Milk 300 g,12,151.46,dairy,,
d9baf604-2ccc-2347-bcde-6789012345bc,BIR05,Birch Tree Fortified Milk 33 g,Birch Tree Fortified Milk 33 g,20,68.59,dairy,,
dabaf705-3ddd-3458-cdef-7890123456cd,BIR06A,Birch Tree Fortified Choco 29 g,Birch Tree Fortified Choco 29 g,20,63.7,dairy,,
dbbaf806-4eee-4569-defa-8901234567de,BIR08C,Birch Tree Fortified Choco 290 g,Birch Tree Fortified Choco 290 g,8,88.99,dairy,,
dcbaf907-5fff-567a-efab-9012345678ef,BLE09,Blend 45 Coffee Kindseed 20 g,Blend 45 Coffee Kindseed 20 g,24,56.56,coffee,,
ddbafa08-6000-678b-fabc-0123456789fa,BLE12,Blend 45 Coffee Malunggay 52 g,Blend 45 Coffee Malunggay 52 g,24,115.02,coffee,,
debafb09-7111-789c-abcd-1234567890ab,BON102,Bonna Infant Milk 0–6 MOS 1.2 kg,Bonna Infant Milk 0–6 MOS 1.2 kg,4,821.67,dairy,,
dfbafc0a-8222-890d-bcde-2345678901bc,BON104,Bonna Follow-on Milk 6–12 MOS 1.2 kg,Bonna Follow-on Milk 6–12 MOS 1.2 kg,4,779.21,dairy,,
e0bafd0b-9333-901e-cdef-3456789012cd,BON105,Bonna Follow-on Milk 6–12 MOS 2.4 kg,Bonna Follow-on Milk 6–12 MOS 2.4 kg,3,1038.95,dairy,,
e1bafe0c-a444-012f-defa-4567890123de,BON21,Bonakid GUMilk 1–3 YRS 350 g,Bonakid GUMilk 1–3 YRS 350 g,18,240.72,dairy,,
e2baff0d-b555-1230-efab-5678901234ef,BON38,Bonakid Pre-School 3+ 350 g,Bonakid Pre-School 3+ 350 g,18,237.33,dairy,,
e3bb000e-c666-2341-fabc-6789012345fa,BON99,Bonakid Pre-School 3+ 2.4 kg,Bonakid Pre-School 3+ 2.4 kg,3,1444.5,dairy,,
e4bb010d-d777-3452-abcd-7890123456ab,CLO29A,C-UP Toothpaste Red Hot 120 g,C-UP Toothpaste Red Hot 120 g,48,26.81,oral_care,,
e5bb020c-e888-4563-bcde-8901234567bc,CLO42A,C-UP Toothpaste Green Mint 175 g,C-UP Toothpaste Green Mint 175 g,36,38.82,oral_care,,
e6bb030b-f999-5674-cdef-9012345678cd,C2C02,C2 Green Tea Lemon 335 ml,C2 Green Tea Lemon 335 ml,24,23.81,beverage,,
e7bb040a-0aaa-6785-defa-0123456789de,C2C21,C2 Green Tea Apple 1 l,C2 Green Tea Apple 1 l,12,50.79,beverage,,
e8bb0509-1bbb-7896-efab-1234567890ef,C2C06,C2 Green Tea Plain 455 ml,C2 Green Tea Plain 455 ml,24,29.2,beverage,,
e9bb0608-2ccc-8907-fabc-2345678901fa,CAL40,Calypso Microwave Container 500 ml,Calypso Microwave Container 500 ml,30,42.9,household,,
eabb0707-3ddd-9018-abcd-3456789012fa,CAL70,Calypso Supercups 8 oz,Calypso Supercups 8 oz,40,29.94,household,,
ebbb0806-4eee-0129-bcde-4567890123ab,CAL02B,Calypso Plastic HD 12×18,Calypso Plastic HD 12×18,10,30.96,household,,
ecbb0905-5fff-123a-cdef-5678901234ab,CAL25B,Calypso Plastic HD 10×14,Calypso Plastic HD 10×14,10,17.76,household,,
edbb0a04-6000-234b-defa-6789012345ab,CAL27B,Calypso Stripey Straw 100 g,Calypso Stripey Straw 100 g,25,15.92,household,,
eebb0b03-7111-345c-efab-7890123456ab,CAL64B,Calypso Ice Bag 4×12,Calypso Ice Bag 4×12,20,18.53,household,,
efbb0c02-8222-456d-fabc-8901234567ab,CAL71B,Calypso Superbowl,Calypso Superbowl,20,44.22,household,,
f0bb0d01-9333-567e-abcd-9012345678ab,CAR53,Care Adult Diaper Pants L,Care Adult Diaper Pants L,10,227.76,personal_care,,
f1bb0e00-a444-678f-bcde-0123456789ab,CAR54,Care Adult Diaper Pants XL,Care Adult Diaper Pants XL,10,285.94,personal_care,,
f2bb0eff-b555-7890-cdef-1234567890ab,CAR200,Carefree Liner Breathable,Carefree Liner Breathable,48,23.46,personal_care,,
f3bb0ffe-c666-8901-defa-2345678901ab,CAR08,Caress Adult Diaper Basic M,Caress Adult Diaper Basic M,60,19.5,personal_care,,
f4bb0ffd-d777-9012-efab-3456789012ab,CAR34,Carlo Rossi Moscato 750 ml,Carlo Rossi Moscato 750 ml,12,327.79,alcohol,,
f5bb0ffc-e888-0123-fabc-4567890123ab,CAR39,Carlo Rossi Red Moscato 750 ml,Carlo Rossi Red Moscato 750 ml,12,327.79,alcohol,,
f6bb0ffb-f999-1234-abcd-5678901234ab,CEN05,Century Tuna Flakes in Oil 95 g,Century Tuna Flakes in Oil 95 g,48,25.29,canned_meat,,
f7bb0ffa-0aaa-2345-bcde-6789012345ab,CEN41I,Century Tuna Flakes in Oil 155 g,Century Tuna Flakes in Oil 155 g,50,33.27,canned_meat,,
f8bb0ff9-1bbb-3456-cdef-7890123456ab,CEN43,Century Tuna Flakes Hot & Spicy 155 g,Century Tuna Flakes Hot & Spicy 155 g,50,34.58,canned_meat,,
f9bb0ff8-2ccc-4567-defa-8901234567ab,CEN54,Century Tuna Flakes Lite 180 g,Century Tuna Flakes Lite 180 g,48,53.62,canned_meat,,
fabaff7-3ddd-5678-efab-9012345678ab,CER02,Cerelac Mixed Fruits & Soya 120 g,Cerelac Mixed Fruits & Soya 120 g,40,68.43,baby_food,,
fbbae006-4eee-6789-abcd-0123456789ab,CER06,Cerelac Rice & Soya 120 g,Cerelac Rice & Soya 120 g,40,68.43,baby_food,,
fcbae007-5fff-789a-bcde-1234567890ab,CHA171,Champion Bar Blue Original 145 g,Champion Bar Blue Original 145 g,96,15.13,laundry,,
fdbae008-6000-890b-cdef-2345678901ab,CHA170,Champion Bar Fabric Conditioner 390 g,Champion Bar Fabric Conditioner 390 g,36,39.41,laundry,,
febae009-7111-901c-defa-3456789012ab,CHA70C,Champion Powder Fabric Conditioner 35 g,Champion Powder Fabric Conditioner 35 g,42,30.95,laundry,,
ffbae00a-8222-012d-efab-4567890123ab,CHA03,Charmee Pantiliner Unscented,Charmee Pantiliner Unscented,24,32.35,personal_care,,
00baf00b-9333-123e-fabc-5678901234ab,CHA103,Charmee Menstrual Pants M,Charmee Menstrual Pants M,36,30.25,personal_care,,
01baf00c-a444-234f-abcd-6789012345ab,CHA178,Charmee Pantiliner Lavender,Charmee Pantiliner Lavender,48,12.7,personal_care,,
02baf00d-b555-3450-bcde-7890123456ab,CHA185,Charmee Overnight Long Black,Charmee Overnight Long Black,18,23.55,personal_care,,
03baf00e-c666-4561-cdef-8901234567ab,CHE46,Cheezy Snack Original 150 g,Cheezy Snack Original 150 g,20,50.58,snack,,
04baf00f-d777-5672-defa-9012345678ab,CHE107,Cheese Ring Jalapeño 60 g,Cheese Ring Jalapeño 60 g,25,29.57,snack,,
05baf010-e888-6783-efab-0123456789ab,CHE88,Cheese Ring Cheese 25 g,Cheese Ring Cheese 25 g,30,21.52,snack,,
06baf011-f999-7894-abcd-1234567890ab,CHE14,Cheese Ball 60 g,Cheese Ball 60 g,25,29.57,snack,,
07baf012-0aaa-8905-bcde-2345678901ab,CHE22,Cheez-It 25 g,Cheez-It 25 g,100,6.18,snack,,
08baf013-1bbb-9016-cdef-3456789012ab,CHE23,Cheez Whiz Pimiento 440 g,Cheez Whiz Pimiento 440 g,12,189.11,spread,,
09baf014-2ccc-0127-defa-4567890123ab,CHI02,Chippy Barbecue 108 g,Chippy Barbecue 108 g,50,18.97,snack,,
0abaf015-3ddd-1238-efab-5678901234ab,CHI13,Chippy Chili & Cheese 108 g,Chippy Chili & Cheese 108 g,50,18.97,snack,,
0bbaf016-4eee-2349-abcd-6789012345ab,CHI32,Chips Ahoy 142.5 g,Chips Ahoy 142.5 g,24,81.59,snack,,
0cbaf017-5fff-345a-bcde-7890123456ab,CHO06,Choco Mucho Chocolate 30 g,Choco Mucho Chocolate 30 g,20,76.08,snack,,
0dbaf018-6000-456b-cdef-8901234567ab,CHO07,Choco Mucho Dark 30 g,Choco Mucho Dark 30 g,20,76.08,snack,,
0ebaf019-7111-567d-defa-9012345678ab,CHO11,Choco Mucho Cookie Sandwich 33 g,Choco Mucho Cookie Sandwich 33 g,30,70.32,snack,,
0fbaf01a-8222-678e-efab-0123456789ab,CHO23,Choco Mucho Caramel 30 g,Choco Mucho Caramel 30 g,20,76.08,snack,,
10baf01b-9333-789f-abcd-1234567890ab,CHO11,Choey Choco 5.5 g,Choey Choco 5.5 g,10,48.67,snack,,
11baf01c-a444-8900-bcde-2345678901ab,CLO49,Clover Chips Barbecue 24 g,Clover Chips Barbecue 24 g,105,11.43,snack,,
12baf01d-b555-9011-cdef-3456789012ab,CLO60,Clover Chips Ham & Cheese 24 g,Clover Chips Ham & Cheese 24 g,105,11.43,snack,,
13baf01e-c666-0122-defa-4567890123ab,CLO49,Clover Chips Cheese 24 g,Clover Chips Cheese 24 g,105,11.43,snack,,
14baf01f-d777-1233-efab-5678901234ab,COB01,Cobra Energy 350 ml,Cobra Energy 350 ml,24,20.3,beverage,,
15baf020-e888-2344-abcd-6789012345ab,COB04,Cobra Energy Strawberry 350 ml,Cobra Energy Strawberry 350 ml,24,20.66,beverage,,
16baf021-f999-3455-bcde-7890123456ab,COB09,Cobra Energy Citrus 300 ml,Cobra Energy Citrus 300 ml,12,17.62,beverage,,
17baf022-0aaa-4566-cdef-8901234567ab,COB10,Cobra Energy Strawberry 300 ml,Cobra Energy Strawberry 300 ml,12,17.62,beverage,,
18baf023-1bbb-5677-defa-9012345678ab,COL05AB,Colgate Toothpaste Active Salt 132 g,Colgate Toothpaste Active Salt 132 g,6,16.23,oral_care,,
19baf024-2ccc-6788-efab-0123456789ab,COL149B,Colgate Toothbrush Extra Clean 4 S,Colgate Toothbrush Extra Clean 4 S,6,37.18,oral_care,,
1abaf025-3ddd-7899-abcd-1234567890ab,COL34AY,Colgate Toothbrush Slim Soft 5 S,Colgate Toothbrush Slim Soft 5 S,5,74.52,oral_care,,
1bbaf026-4eee-890a-bcde-2345678901ab,COL35AB,Colgate Toothbrush Flexible 24 S,Colgate Toothbrush Flexible 24 S,6,4.66,oral_care,,
1cbaf027-5fff-901b-cdef-3456789012ab,COL35B,Colgate Toothbrush Hanging 6 S,Colgate Toothbrush Hanging 6 S,6,18.65,oral_care,,
1dbaf028-6000-012c-defa-4567890123ab,COL42B,Colgate Toothpaste Active Salt 125 g,Colgate Toothpaste Active Salt 125 g,6,20.25,oral_care,,
1ebaf029-7111-123d-efab-5678901234ab,COL42AY,Colgate Toothpaste Active Salt 133 g,Colgate Toothpaste Active Salt 133 g,2,21.43,oral_care,,
1fbaf02a-8222-234e-abcd-6789012345ab,COL05A,Colgate Toothpaste Charcoal 150 g,Colgate Toothpaste Charcoal 150 g,6,20,oral_care,,
20baf02b-9333-345f-bcde-7890123456ab,COL424B,Colgate Toothpaste Charcoal 125 g,Colgate Toothpaste Charcoal 125 g,6,21.25,oral_care,,
21baf02c-a444-4560-cdef-8901234567ab,COL29B,Colgate Toothpaste Triple Action 33 g,Colgate Toothpaste Triple Action 33 g,12,2.75,oral_care,,
22baf02d-b555-5671-defa-9012345678ab,COL432,Colgate Toothpaste Total Charcoal 150 g,Colgate Toothpaste Total Charcoal 150 g,6,20,oral_care,,
23baf02e-c666-6782-efab-0123456789ab,COL05AB,Colgate Toothpaste White 120 g,Colgate Toothpaste White 120 g,6,20,oral_care,,
24baf02f-d777-7893-abcd-1234567890ab,COL424B,Colgate Toothpaste White 125 g,Colgate Toothpaste White 125 g,6,21.25,oral_care,,
25baf030-e888-8904-bcde-2345678901ab,COL42B,Colgate Toothpaste White 132 g,Colgate Toothpaste White 132 g,6,22.44,oral_care,,
26baf031-f999-9015-cdef-3456789012ab,COL29A,Colgate Toothpaste Red Hot 120 g,Colgate Toothpaste Red Hot 120 g,48,22.35,oral_care,,
27baf032-0aaa-0126-defa-4567890123ab,COL42A,Colgate Toothpaste Green Mint 175 g,Colgate Toothpaste Green Mint 175 g,36,38.82,oral_care,,
28baf033-1bbb-1237-efab-5678901234ab,COL102,Colgate Plax Freshmint 250 ml,Colgate Plax Freshmint 250 ml,2,114.18,oral_care,,
29baf034-2ccc-2348-abcd-6789012345ab,CRE48,Cream Silk Conditioner Straight 180 ml,Cream Silk Conditioner Straight 180 ml,12,90.03,personal_care,,
2abaf035-3ddd-3459-bcde-7890123456ab,CRE72,Cream Silk Conditioner Hair Fall 180 ml,Cream Silk Conditioner Hair Fall 180 ml,24,130.93,personal_care,,
2bbaf036-4eee-456a-cdef-8901234567ab,CRE78M,Cream Silk Conditioner Damage 11 ml,Cream Silk Conditioner Damage 11 ml,288,5.93,personal_care,,
2cbaf037-5fff-567b-defa-9012345678ab,CRE84,Cream Silk Conditioner Color Revive 10 ml,Cream Silk Conditioner Color Revive 10 ml,288,8.17,personal_care,,
2dbaf038-6000-678c-efab-0123456789ab,DEL04,Del Monte Pineapple Chunks 560 g,Del Monte Pineapple Chunks 560 g,24,74.61,canned_fruit,,
2ebaf039-7111-789d-abcd-1234567890ab,DEL08,Del Monte Fruit Cocktail 836 g,Del Monte Fruit Cocktail 836 g,24,87.64,canned_fruit,,
2fbaf03a-8222-890e-bcde-2345678901ab,DEL105,Del Monte Pineapple Slices 227 g,Del Monte Pineapple Slices 227 g,24,36.01,canned_fruit,,
30baf03b-9333-901f-cdef-3456789012ab,DEL106,Del Monte Pineapple Chunks 227 g,Del Monte Pineapple Chunks 227 g,24,36.01,canned_fruit,,
31baf03c-a444-0120-defa-4567890123ab,DEL120,Del Monte Juice 4 Seasons 1.36 l,Del Monte Juice 4 Seasons 1.36 l,12,92.87,beverage,,
32baf03d-b555-1231-efab-5678901234ab,DEL151,Del Monte Elbow Macaroni 1 kg,Del Monte Elbow Macaroni 1 kg,10,121.38,pasta,,
33baf03e-c666-2342-abcd-6789012345ab,DEL160,Del Monte Spaghetti Sauce Italian 500 g,Del Monte Spaghetti Sauce Italian 500 g,24,68.47,sauce,,
34baf03f-d777-3453-bcde-7890123456ab,DEL162,Del Monte Spaghetti Sauce Filipino 500 g,Del Monte Spaghetti Sauce Filipino 500 g,24,68.47,sauce,,
35baf040-e888-4564-cdef-8901234567ab,DEL165,Del Monte Spaghetti Sauce Sweet 900 g,Del Monte Spaghetti Sauce Sweet 900 g,12,95.3,sauce,,
36baf041-f999-5675-defa-9012345678ab,DEL24,Del Monte Ketchup 567 g,Del Monte Ketchup 567 g,12,109.36,condiment,,
37baf042-0aaa-6786-efab-0123456789ab,DEL27,Del Monte Vinegar Red 47 cl,Del Monte Vinegar Red 47 cl,24,34.46,condiment,,
38baf043-1bbb-7897-abcd-1234567890ab,DEL304,Del Monte Tomato Paste 70 g,Del Monte Tomato Paste 70 g,36,18.06,condiment,,
39baf044-2ccc-8908-bcde-2345678901ab,DEL34,Del Monte Corn Whole 420 g,Del Monte Corn Whole 420 g,24,54.52,canned_vegetable,,
3abaf045-3ddd-9019-cdef-3456789012ab,DEL394,Del Monte Juice 4 Seasons 330 ml,Del Monte Juice 4 Seasons 330 ml,24,24.39,beverage,,
3bbaf046-4eee-012a-defa-4567890123ab,DEL394D,Del Monte Juice 4 Seasons 330 ml (6-pack),Del Monte Juice 4 Seasons 330 ml 6-pack,6,105.25,beverage,,
3cbaf047-5fff-123b-efab-5678901234ab,DEL396,Del Monte Juice Pineapple 330 ml,Del Monte Juice Pineapple 330 ml,24,27.78,beverage,,
3dbaf048-6000-234c-abcd-6789012345ab,DEL71A,Del Monte Juice Pineapple Ace 220 ml,Del Monte Juice Pineapple Ace 220 ml,24,30.3,beverage,,
3ebaf049-7111-345d-bcde-7890123456ab,DEL75,Del Monte Juice Pineapple Fiber 220 ml,Del Monte Juice Pineapple Fiber 220 ml,24,30.3,beverage,,
3fbaf04a-8222-456e-cdef-8901234567ab,DEL82,Del Monte Juice Pineapple Heart 220 ml,Del Monte Juice Pineapple Heart 220 ml,24,30.3,beverage,,
40baf04b-9333-567f-defa-9012345678ab,DEL89A,Del Monte Juice Mango 1 l,Del Monte Juice Mango 1 l,12,99.99,beverage,,
41baf04c-a444-6780-abcd-0123456789ab,DEL92,Del Monte Spaghetti 900 g,Del Monte Spaghetti 900 g,20,104.12,pasta,,
42baf04d-b555-7891-bcde-1234567890ab,DEL90A,Del Monte Juice 4 Seasons 1 l 6-pack,Del Monte Juice 4 Seasons 1 l 6-pack,6,175.78,beverage,,
43baf04e-c666-8902-cdef-2345678901ab,DEL172,Del Fabric Softener Lavender 33 ml,Del Fabric Softener Lavender 33 ml,28,65,laundry,,
44baf04f-d777-9013-defa-3456789012ab,DEL236,Del Fabric Softener Blue 22 ml,Del Fabric Softener Blue 22 ml,480,3.94,laundry,,
45baf050-e888-0124-efab-4567890123ab,DIN02,Dingdong Mixed Nuts Hot 100 g,Dingdong Mixed Nuts Hot 100 g,60,19.56,snack,,
46baf051-f999-1235-abcd-5678901234ab,DIN03,Dingdong Snack Mix 100 g,Dingdong Snack Mix 100 g,60,19.56,snack,,
47baf052-0aaa-2346-bcde-6789012345ab,DIN07,Dingdong Snack Mix Sweet 100 g,Dingdong Snack Mix Sweet 100 g,60,19.38,snack,,
48baf053-1bbb-3457-cdef-7890123456ab,DOV35,Dove Shampoo Intensive 170 ml,Dove Shampoo Intensive 170 ml,24,63.56,personal_care,,
49baf054-2ccc-4568-defa-9012345678ab,DOV11,Dove Shampoo Straight 170 ml,Dove Shampoo Straight 170 ml,24,63.56,personal_care,,
4abaf055-3ddd-5679-efab-0123456789ab,DOV12,Dove Shampoo Hair Fall 170 ml,Dove Shampoo Hair Fall 170 ml,24,63.56,personal_care,,
4bbaf056-4eee-678a-abcd-1234567890ab,DOV62,Dove Shampoo Hair Fall Rescue 170 ml,Dove Shampoo Hair Fall Rescue 170 ml,24,63.56,personal_care,,
4cbaf057-5fff-789b-bcde-2345678901ab,DOV56,Dove Shampoo Nourishing 170 ml,Dove Shampoo Nourishing 170 ml,24,160.42,personal_care,,
4dbaf058-6000-890c-cdef-3456789012ab,DOV35,Dove Soap Sensitive 135 g,Dove Soap Sensitive 135 g,48,81.91,personal_care,,
4ebaf059-7111-901d-defa-4567890123ab,DOO04,Doowee Donuts Assorted 42 g,Doowee Donuts Assorted 42 g,10,15.74,snack,,
4fbaf05a-8222-012e-efab-5678901234ab,DOW62C,Downy Fabric Conditioner 20 ml,Downy Fabric Conditioner 20 ml,60,28.65,laundry,,
50baf05b-9333-123f-abcd-6789012345ab,DOW100G,Downy Expert Kontraklab 750 ml,Downy Expert Kontraklab 750 ml,8,108.33,laundry,,
51baf05c-a444-2340-bcde-7890123456ab,DOW34G,Downy Passion Refill 750 ml,Downy Passion Refill 750 ml,8,110.16,laundry,,
52baf05d-b555-3451-cdef-8901234567ab,DOM19C,Domex Cleaner Blue 140 ml,Domex Cleaner Blue 140 ml,36,16.59,household,,
53baf05e-c666-4562-defa-9012345678ab,DOM11,Domex Cleaner Pink 140 ml,Domex Cleaner Pink 140 ml,36,16.59,household,,
54baf05f-d777-5673-efab-0123456789ab,EFF02B,Energizer Battery AAA,Energizer Battery AAA,12,47.44,electronics,,
55baf060-e888-6784-abcd-1234567890ab,ENE10B,Eveready Battery D,Eveready Battery D,12,121.42,electronics,,
56baf061-f999-7895-bcde-2345678901ab,EVE19B,Eveready Battery AA,Eveready Battery AA,20,60.86,electronics,,
57baf062-0aaa-8906-cdef-3456789012ab,ENF13,Enfagrow A+ 1–3 YRS 350 g,Enfagrow A+ 1–3 YRS 350 g,12,501.27,baby_food,,
58baf063-1bbb-9017-defa-4567890123ab,ENF24,Enfagrow A+ 3+ 350 g,Enfagrow A+ 3+ 350 g,12,424.03,baby_food,,
59baf064-2ccc-0128-efab-5678901234ab,ENS04,Ensure Gold Vanilla 380 g,Ensure Gold Vanilla 380 g,6,1046.03,nutrition,,
5abaf065-3ddd-1239-abcd-6789012345ab,EFF05B,Efficascent Oil 50 ml,Efficascent Oil 50 ml,6,47.44,healthcare,,
5bbaf066-4eee-234a-bcde-7890123456ab,EFF02B,Efficascent Oil 25 ml,Efficascent Oil 25 ml,12,26.18,healthcare,,
5cbaf067-5fff-345b-cdef-8901234567ab,FIT10,Fita Cracker Singles 30 g,Fita Cracker Singles 30 g,24,55.87,snack,,
5dbaf068-6000-456c-defa-9012345678ab,FIT13,Fita Cracker 600 g,Fita Cracker 600 g,12,111.77,snack,,
5ebaf069-7111-567d-efab-0123456789ab,FLO05,Florence Kaong Green 340 g,Florence Kaong Green 340 g,24,81.22,condiment,,
5fbaf06a-8222-678e-abcd-1234567890ab,FLO06,Florence Nata Green 340 g,Florence Nata Green 340 g,24,59.92,condiment,,
60baf06b-9333-789f-bcde-2345678901ab,FLO12,Florence Kaong White 240 g,Florence Kaong White 240 g,24,56.9,condiment,,
61baf06c-a444-8900-cdef-3456789012ab,FLO17,Florence Nata Green 680 g,Florence Nata Green 680 g,12,103.96,condiment,,
62baf06d-b555-9011-defa-4567890123ab,FLO20,Florence Kaong White 340 g,Florence Kaong White 340 g,24,81.22,condiment,,
63baf06e-c666-0122-efab-5678901234ab,FLO21,Florence Kaong Red 340 g,Florence Kaong Red 340 g,24,79.57,condiment,,
64baf06f-d777-1233-abcd-6789012345ab,FLO26,Florence Kaong Red 680 g,Florence Kaong Red 680 g,12,158.93,condiment,,
65baf070-e888-2344-bcde-7890123456ab,FUD01,Fudgee Barr Chocolate 42 g,Fudgee Barr Chocolate 42 g,10,42.89,snack,,
66baf071-f999-3455-cdef-8901234567ab,FUD05,Fudgee Barr Assorted 395 g,Fudgee Barr Assorted 395 g,10,84.21,snack,,
67baf072-0aaa-4566-defa-9012345678ab,FUN18D,Fundador Brandy Light 1 l,Fundador Brandy Light 1 l,12,278.06,alcohol,,
68baf073-1bbb-5677-abcd-1234567890ab,ALF12,Fundador Solera Platinum 1 l,Fundador Solera Platinum 1 l,12,360.39,alcohol,,
69baf074-2ccc-6788-bcde-2345678901ab,ALF16,Fundador Light 1.75 l,Fundador Light 1.75 l,6,617.23,alcohol,,
6abaf075-3ddd-7899-cdef-3456789012ab,FUN18D,Fundador Double Light 1 l,Fundador Double Light 1 l,12,363.21,alcohol,,
6bbaf076-4eee-890a-defa-4567890123ab,FUN24AY,Fundador Super Special 1 l,Fundador Super Special 1 l,3,263.27,alcohol,,
6cbaf077-5fff-901b-abcd-5678901234ab,FUN07,Fundador Ultra Smooth 1 l,Fundador Ultra Smooth 1 l,12,530.14,alcohol,,
6dbaf078-6000-012c-bcde-6789012345ab,GAT84FB,Gatsby Wax Hard Blue 3 g,Gatsby Wax Hard Blue 3 g,33,84.18,personal_care,,
6ebaf079-7111-123d-cdef-7890123456ab,GAT88FB,Gatsby Wax Matte Black 3 g,Gatsby Wax Matte Black 3 g,33,84.18,personal_care,,
6fbaf07a-8222-234e-abcd-8901234567ab,GIL11AB,Gillette Rubie II Lady 24 S,Gillette Rubie II Lady 24 S,24,68.06,personal_care,,
70baf07b-9333-345f-bcde-9012345678ab,GIL11DB,Gillette Rubie II Lady 12/5+1,Gillette Rubie II Lady 12/5+1,12,67.31,personal_care,,
71baf07c-a444-4560-cdef-0123456789ab,GLA01A,Glade Air Freshener 320 ml,Glade Air Freshener 320 ml,12,134.51,household,,
72baf07d-b555-5671-defa-1234567890ab,GLE01,Gleam Muriatic 1 l,Gleam Muriatic 1 l,12,204.27,household,,
73baf07e-c666-6782-efab-2345678901ab,GLE09,Gleam Liquid Sosa 500 ml,Gleam Liquid Sosa 500 ml,24,50.02,household,,
74baf07f-d777-7893-abcd-3456789012ab,GOO03,Goodwill Peas 155 g,Goodwill Peas 155 g,100,13.15,canned_vegetable,,
75baf080-e888-8904-bcde-4567890123ab,GRA06,Grahams Crushed 200 g,Grahams Crushed 200 g,24,46.35,baking,,
76baf081-f999-9015-cdef-5678901234ab,GRA31,Grahams Honey Crackers 210 g,Grahams Honey Crackers 210 g,24,46.35,snack,,
77baf082-0aaa-0126-defa-6789012345ab,GRE198,Green Cross Alcohol 500 ml,Green Cross Alcohol 500 ml,24,82.71,healthcare,,
78baf083-1bbb-1237-abcd-7890123456ab,GRO04,Growers Cashew Salted 80 g,Growers Cashew Salted 80 g,24,94.67,snack,,
79baf084-2ccc-2348-bcde-8901234567ab,HAP25,Hapee Toothpaste 90 ml,Hapee Toothpaste 90 ml,36,50.69,oral_care,,
7abaf085-3ddd-3459-cdef-9012345678ab,HA001B,Happy Cotton 10 g,Happy Cotton 10 g,100,10,personal_care,,
7bbaf086-4eee-456a-defa-0123456789ab,HAP07B,Happy Cotton Buds 108’s,Happy Cotton Buds 108’s,12,8.76,personal_care,,
7cbaf087-5fff-567b-abcd-1234567890ab,HAP35B,Happy Cotton Buds 200’s,Happy Cotton Buds 200’s,6,14.18,personal_care,,
7dbaf088-6000-678c-bcde-2345678901ab,HAP01B,Happy Cotton Buds 72’s,Happy Cotton Buds 72’s,12,6.46,personal_care,,
7ebaf089-7111-789d-cdef-3456789012ab,HAP56,Happy Peanuts Sweet Chili 100 g,Happy Peanuts Sweet Chili 100 g,24,39.45,snack,,
7fbaf08a-8222-890e-abcd-4567890123ab,HEA08A,Head & Shoulders 170 ml,Head & Shoulders 170 ml,12,91.61,personal_care,,
80baf08b-9333-901f-bcde-5678901234ab,HIG20,Highlands Corned Beef 260 g,Highlands Corned Beef 260 g,48,89.82,canned_meat,,
81baf08c-a444-0120-cdef-6789012345ab,HOP02,Hope Special Odong 20 g,Hope Special Odong 20 g,50,3.3,noodles,,
82baf08d-b555-1231-defa-7890123456ab,IRI01,Irish Spring Soap 3.7 oz,Irish Spring Soap 3.7 oz,72,64.42,personal_care,,
83baf08e-c666-2342-abcd-8901234567ab,JEM02A,J&J Corn Kernel 425 g,J&J Corn Kernel 425 g,8,121.06,canned_vegetable,,
84baf08f-d777-3453-bcde-9012345678ab,JEM03A,J&J Coconut Milk 400 ml,J&J Coconut Milk 400 ml,8,52.06,condiment,,
85baf090-e888-4564-cdef-0123456789ab,JOH21B,JB Oil Regular 25 ml,JB Oil Regular 25 ml,6,4.58,personal_care,,
86baf091-f999-5675-defa-1234567890ab,JOH22B,JB Oil Aloe 25 ml,JB Oil Aloe 25 ml,6,4.58,personal_care,,
87baf092-0aaa-6786-abcd-2345678901ab,JOH24B,JB Powder Classic 50 g,JB Powder Classic 50 g,12,27.23,personal_care,,
88baf093-1bbb-7897-bcde-3456789012ab,JOH27B,JB Powder Blossoms 50 g,JB Powder Blossoms 50 g,12,31.95,personal_care,,
89baf094-2ccc-8908-cdef-4567890123ab,JOH36B,JB Powder Bedtime 25 g,JB Powder Bedtime 25 g,12,12.93,personal_care,,
8abaf095-3ddd-9019-defa-5678901234ab,JOH83B,JB Powder Bedtime 50 g,JB Powder Bedtime 50 g,6,25.63,personal_care,,
8bbaf096-4eee-012a-abcd-6789012345ab,JOH84B,JB Powder Bedtime 100 g,JB Powder Bedtime 100 g,4,21.7,personal_care,,
8cbaf097-5fff-123b-cdef-7890123456ab,JIN03,Jinro Soju Grapefruit 360 ml,Jinro Soju Grapefruit 360 ml,20,95.61,alcohol,,
8dbaf098-6000-234c-bcde-8901234567ab,JOL40,Jolly Mushroom Whole 198 g,Jolly Mushroom Whole 198 g,48,42.09,canned_vegetable,,
8ebaf099-7111-345d-cdef-9012345678ab,JOL27,Jolly Oil Canola 2 l,Jolly Oil Canola 2 l,6,286.78,cooking_oil,,
8fbaf09a-8222-456e-abcd-0123456789ab,JOL55D,Jolly Oil Claro 2×1 l,Jolly Oil Claro 2×1 l,6,257.62,cooking_oil,,
90baf09b-9333-567f-cdef-1234567890ab,JOY82,Joy Dishwashing Anti-Bac 250 ml,Joy Dishwashing Anti-Bac 250 ml,20,11.99,dish,,
91baf09c-a444-6780-abcd-2345678901ab,JOY88E,Joy Dishwashing Kalamansi 250 ml,Joy Dishwashing Kalamansi 250 ml,20,11.99,dish,,
92baf09d-b555-9011-bcde-3456789012ab,JOY91E,Joy Dishwashing Lemon 250 ml,Joy Dishwashing Lemon 250 ml,20,11.99,dish,,
93baf09e-c666-0122-cdef-4567890123ab,JOY122,Joy Bath Tissue 2-Ply 4’s,Joy Bath Tissue 2-Ply 4’s,24,82.32,paper,,
94baf09f-d777-1233-defa-5678901234ab,KER01C,Kern & Plas Argan 20 g,Kern & Plas Argan 20 g,24,75.81,personal_care,,
95baf0a0-e888-2344-cdef-6789012345ab,KER02,Kern & Plas Sunflower 20 g,Kern & Plas Sunflower 20 g,24,75.81,personal_care,,
96baf0a1-f999-3455-cdef-7890123456ab,KER03,Kern & Plas Biotin 20 g,Kern & Plas Biotin 20 g,24,75.81,personal_care,,
97baf0a2-0aaa-4566-abcd-8901234567ab,KIK02,Kikkoman Soy Sauce 100 ml,Kikkoman Soy Sauce 100 ml,24,38.63,condiment,,
98baf0a3-1bbb-5677-bcde-9012345678ab,KNO163,Knorr Cubes Beef 60 g,Knorr Cubes Beef 60 g,72,33.94,seasoning,,
99baf0a4-2ccc-6788-cdef-0123456789ab,KNO167,Knorr Cubes Chicken 60 g,Knorr Cubes Chicken 60 g,72,33.94,seasoning,,
9abaf0a5-3ddd-7899-defa-1234567890ab,KNO171,Knorr Cubes Pork 60 g,Knorr Cubes Pork 60 g,72,33.94,seasoning,,
9bbaf0a6-4eee-890a-abcd-2345678901ab,KNO53,Knorr Liquid Seasoning 500 ml,Knorr Liquid Seasoning 500 ml,12,41.77,condiment,,
9cbaf0a7-5fff-901b-cdef-3456789012ab,KNO11,Knorr Mix Sinigang Original 22 g,Knorr Mix Sinigang Original 22 g,12,9.18,seasoning,,
9dbaf0a8-6000-012c-defa-4567890123ab,KNO150,Knorr Mix Sinigang Miso 23 g,Knorr Mix Sinigang Miso 23 g,12,9.18,seasoning,,
9ebaf0a9-7111-123d-cdef-5678901234ab,KNO54,Knorr Soup Crab & Corn 37 g,Knorr Soup Crab & Corn 37 g,72,18.3,soup,,
9fbaf0aa-8222-234e-abcd-6789012345ab,KOK03,Koko Krunch Cereal 170 g,Koko Krunch Cereal 170 g,18,97.05,cereal,,
a0baf0ab-9333-345f-cdef-7890123456ab,KOJ01,Kojiesan Soap 65 g,Kojiesan Soap 65 g,48,27.23,personal_care,,
a1baf0ac-a444-4560-abcd-8901234567ab,KOJ05,Kojiesan Soap 135 g,Kojiesan Soap 135 g,48,56.45,personal_care,,
a2baf0ad-b555-5671-bcde-9012345678ab,LAC62,Lactacyd Feminine Wash 60 ml,Lactacyd Feminine Wash 60 ml,48,12.5,personal_care,,
a3baf0ae-c666-6782-cdef-0123456789ab,LAD07,Lala Fish Crackers 50 g,Lala Fish Crackers 50 g,48,29.97,snack,,
a4baf0af-d777-7893-defa-1234567890ab,LAL20,Lala Fish Salt & Vinegar 100 g,Lala Fish Salt & Vinegar 100 g,24,33.61,snack,,
a5baf0b0-e888-8904-abcd,LAL02,Lala Tempura Snack 100 g,Lala Tempura Snack 100 g,24,33.61,snack,,
a5baf0b0-e888-8904-abcd-2345678901ab,LAL02,Lala Tempura Snack 100 g,Lala Tempura Snack 100 g,24,33.61,snack,,
a6baf0b1-f999-9015-bcde-3456789012ab,LAS18,Lasap Iodized Salt 250 g,Lasap Iodized Salt 250 g,80,3.13,seasoning,,
a7baf0b2-0aaa-0126-cdef-4567890123ab,LIW31,Liwanang Candle White 20 S,Liwanang Candle White 20 S,50,48.05,household,,
a8baf0b3-1bbb-1237-defa-5678901234ab,LIS02D,Listerine Cool Mint 250 ml,Listerine Cool Mint 250 ml,8,31.28,oral_care,,
a9baf0b4-2ccc-2348-efab-6789012345ab,LIP33,Lipton Green Tea 1.5 g,Lipton Green Tea 1.5 g,24,6.24,beverage,,
aabaf0b5-3ddd-3459-abcd-7890123456ab,LIP21,Lipton Ice Tea Lemon 1 l,Lipton Ice Tea Lemon 1 l,12,81.18,beverage,,
abbaf0b6-4eee-456a-bcde-9012345678ab,LIO09,Lion-Tiger Katol Regular 10 S,Lion-Tiger Katol Regular 10 S,60,1.66,household,,
acbaf0b7-5fff-567b-cdef-0123456789ab,LUC01,Lucky Me Beef 55 g,Lucky Me Beef 55 g,72,16.83,noodles,,
adbaf0b8-6000-678c-defa-1234567890ab,LUC02,Lucky Me Chicken 55 g,Lucky Me Chicken 55 g,72,16.83,noodles,,
aebaf0b9-7111-789d-efab-2345678901ab,LUC107,Lucky Me Beef 100 g,Lucky Me Beef 100 g,48,29.86,noodles,,
afbaf0ba-8222-890e-abcd-3456789012ab,LUC108,Lucky Me Chicken 100 g,Lucky Me Chicken 100 g,48,29.86,noodles,,
b0baf0bb-9333-901f-bcde-4567890123ab,LUC22,Lucky Me Itnok 50 g,Lucky Me Itnok 50 g,72,9.72,noodles,,
b1baf0bc-a444-0120-cdef-5678901234ab,LUC27,Lucky Me Canton Chilimansi 120 g,Lucky Me Canton Chilimansi 120 g,48,23.53,noodles,,
b2baf0bd-b555-1231-cdef-6789012345ab,LUC39,Lucky Me Canton Hot Chili 120 g,Lucky Me Canton Hot Chili 120 g,48,23.53,noodles,,
b3baf0be-c666-2342-defa-7890123456ab,LUC64,Lucky Me Go Cup Bulalo 70 g,Lucky Me Go Cup Bulalo 70 g,30,65.96,noodles,,
b4baf0bf-d777-3453-efab-8901234567ab,LUC67,Lucky Me Go Cup Bulalo 40 g,Lucky Me Go Cup Bulalo 40 g,48,65.96,noodles,,
b5baf0c0-e888-4564-cdef-0123456789ab,LUC70,Lucky Me Go Cup Chicken 39 g,Lucky Me Go Cup Chicken 39 g,48,65.96,noodles,,
b6baf0c1-f999-5675-defa-1234567890ab,MAG46,Maggi Savor 130 ml,Maggi Savor 130 ml,24,5.42,condiment,,
b7baf0c2-0aaa-6786-abcd-2345678901ab,MAG07C,Magnolia All-Purpose 250 ml,Magnolia All-Purpose 250 ml,12,58.28,dairy,,
b8baf0c3-1bbb-7897-bcde-3456789012ab,MAG147A,Magnolia Cheezee 185 g,Magnolia Cheezee 185 g,24,76.82,dairy,,
b9baf0c4-2ccc-8908-cdef-4567890123ab,MAN01,Mang Tomas 325 ml,Mang Tomas 325 ml,24,34.46,condiment,,
babaf0c5-3ddd-9019-defa-5678901234ab,MAR71,Marcapina Soy Sauce 1 Gallon,Marcapina Soy Sauce 1 Gallon,4,668.95,condiment,,
bbbaf0c6-4eee-012a-abcd-6789012345ab,MAR74,Marcapina Soy Sauce 1 l,Marcapina Soy Sauce 1 l,12,51.84,condiment,,
bcbaf0c7-5fff-123b-cdef-7890123456ab,Mar17,Marcapina Sukang Puti 1 l,Marcapina Sukang Puti 1 l,12,41.05,condiment,,
bdbaf0c8-6000-234c-defa-8901234567ab,Mar13,Marlboro Gold 20 S,Marlboro Gold 20 S,50,1607.85,tobacco,,
bebaf0c9-7111-345d-efab-9012345678ab,MAS01,Master Sardines Green 155 g,Master Sardines Green 155 g,100,24.55,canned_meat,,
bfbaf0ca-8222-456e-abcd-0123456789ab,MAS02,Master Sardines Hot 155 g,Master Sardines Hot 155 g,100,24.92,canned_meat,,
c0baf0cb-9333-567f-bcde-1234567890ab,MAS06,Master Gulaman 25 g,Master Gulaman 25 g,10,10.84,dessert_mix,,
c1baf0cc-a444-6780-cdef-2345678901ab,MCC04,McCormick Iodized Salt 140 g,McCormick Iodized Salt 140 g,48,28.44,seasoning,,
c2baf0cd-b555-9011-cdef-3456789012ab,MCC100,McCormick Onion 3 g,McCormick Onion 3 g,24,6.24,seasoning,,
c3baf0ce-c666-0122-defa-4567890123ab,MCC15,McCormick Mushroom Gravy 25 g,McCormick Mushroom Gravy 25 g,24,9.36,seasoning,,
c4baf0cf-d777-1233-efab-5678901234ab,MEG09,Mega Sardines Hot 425 g,Mega Sardines Hot 425 g,24,58.35,canned_meat,,
c5baf0d0-e888-2344-cdef-6789012345ab,MEG29,Mega Vermicelli 1 kg,Mega Vermicelli 1 kg,10,180.47,pasta,,
c6baf0d1-f999-3455-defa-7890123456ab,MEG13,Mega Corn Kernel 425 g,Mega Corn Kernel 425 g,24,39.9,canned_vegetable,,
c7baf0d2-0aaa-4566-abcd-8901234567ab,MEN23,Mentos Assorted 37.5 g,Mentos Assorted 37.5 g,4,6.25,snack,,
c8baf0d3-1bbb-5677-bcde-9012345678ab,MIN25,Minola Oil 1 Gallon 3.5 l,Minola Oil 1 Gallon 3.5 l,4,668.95,cooking_oil,,
c9baf0d4-2ccc-6788-cdef-0123456789ab,MIN55D,Minola Oil Sulit 925 ml,Minola Oil Sulit 925 ml,12,336.38,cooking_oil,,
cabaf0d5-3ddd-7899-defa-1234567890ab,MOU12C,Mirinda Orange 250 ml,Mirinda Orange 250 ml,24,25.58,beverage,,
cbbaf0d6-4eee-890a-abcd-2345678901ab,MOD04,Modeless All Night 4’S,Modeless All Night 4’S,24,49.64,personal_care,,
ccbaf0d7-5fff-901b-cdef-3456789012ab,MON07,Monde Mamon Chocolate 48 g,Monde Mamon Chocolate 48 g,18,28,snack,,
cdbaf0d8-6000-012c-defa-4567890123ab,MON79,Monde Mamon Classic 43 g,Monde Mamon Classic 43 g,10,51.73,snack,,
cebaf0d9-7111-123d-efab-5678901234ab,MOT39,Mother’s Best Raisins 100 g,Mother’s Best Raisins 100 g,48,46.81,snack,,
cfbaf0da-8222-234e-abcd-6789012345ab,MOU23,Mountain Dew Zero 500 ml,Mountain Dew Zero 500 ml,24,27.5,beverage,,
d0baf0db-9333-345f-cdef-7890123456ab,MOU24,Mountain Dew Zero 1.5 l,Mountain Dew Zero 1.5 l,12,46.23,beverage,,
d1baf0dc-a444-4560-abcd-8901234567ab,MOU12C,Mountain Dew Zero Sleek 320 ml,Mountain Dew Zero Sleek 320 ml,24,27.47,beverage,,
d2baf0dd-b555-5671-cdef-9012345678ab,MRC25,Mr. Chips Cheese 24 g,Mr. Chips Cheese 24 g,100,5.53,snack,,
d3baf0de-c666-6782-cdef-0123456789ab,MYE05,My Everyday Bihon 227 g,My Everyday Bihon 227 g,48,20.69,noodles,,
d4baf0df-d777-7893-defa-1234567890ab,MYE06,My Everyday Bihon 454 g,My Everyday Bihon 454 g,30,38.98,noodles,,
d5baf0e0-e888-8904-abcd-2345678901ab,MYE186,My Everyday Bath 300 m,My Everyday Bath 300 m,6,16.66,paper,,
d6baf0e1-f999-9015-bcde-3456789012ab,MYE153,My Everyday Spoon Big 12 S,My Everyday Spoon Big 12 S,50,3.25,household,,
d7baf0e2-0aaa-0126-cdef-4567890123ab,MYE155,My Everyday Spoon Beige 25 S,My Everyday Spoon Beige 25 S,50,6.24,household,,
d8baf0e3-1bbb-1237-efab-5678901234ab,MYE43,My Everyday Spork Beige 25 S,My Everyday Spork Beige 25 S,50,6.24,household,,
d9baf0e4-2ccc-2348-abcd-6789012345ab,MYE260,My Everyday Bag XL 10 S,My Everyday Bag XL 10 S,10,83.77,household,,
eabaf0e5-3ddd-3459-cdef-7890123456ab,MYE262,My Everyday Bag XXL 10 S,My Everyday Bag XXL 10 S,10,44.77,household,,
ebbaf0e6-4eee-456a-bcde-9012345678ab,MYE271,My Everyday Bag M 20 S,My Everyday Bag M 20 S,20,22.39,household,,
ecbaf0e7-5fff-567b-cdef-0123456789ab,MYE273,My Everyday Bag XL Black 10 S,My Everyday Bag XL Black 10 S,10,48.83,household,,
edbaf0e8-6000-678c-defa-1234567890ab,MYE275,My Everyday Bag XXL Black 10 S,My Everyday Bag XXL Black 10 S,10,62.97,household,,
eebaf0e9-7111-789d-efab-2345678901ab,NAT09,Natural Spring Purified 1 l,Natural Spring Purified 1 l,20,14.51,beverage,,
efbaf0ea-8222-890e-abcd-3456789012ab,NAT14,Natural Spring Purified 500 ml,Natural Spring Purified 500 ml,35,9.23,beverage,,
f0baf0eb-9333-901f-cdef-4567890123ab,NAT33,Natural Spring Purified 10 l,Natural Spring Purified 10 l,2,75.33,beverage,,
f1baf0ec-a444-0120-defa-5678901234ab,NAT38,Natural Spring Purified 2 l,Natural Spring Purified 2 l,6,66.5,beverage,,
f2baf0ed-b555-1231-cdef-6789012345ab,NAT39,Natural Spring Distilled 2 l,Natural Spring Distilled 2 l,6,22.17,beverage,,
f3baf0ee-c666-2342-defa-7890123456ab,NAT41,Natural Spring Distilled 500 ml,Natural Spring Distilled 500 ml,35,10.17,beverage,,
f4baf0ef-d777-3453-efab-8901234567ab,NAT19,Natural Spring Alkaline 1 l,Natural Spring Alkaline 1 l,20,19.01,beverage,,
f5baf0f0-e888-4564-cdef-9012345678ab,NAT26,Natural Spring Alkaline 10 l,Natural Spring Alkaline 10 l,2,75.33,beverage,,
f6baf0f1-f999-5675-defa-0123456789ab,NAT28,Natural Spring Alkaline 6.6 l,Natural Spring Alkaline 6.6 l,3,126.73,beverage,,
f7baf0f2-0aaa-6786-abcd-1234567890ab,NE031C,Nescafé 3-in-1 Latte 40 g,Nescafé 3-in-1 Latte 40 g,20,120.2,coffee,,
f8baf0f3-1bbb-7897-bcde-2345678901ab,NES38,Nescafé 3-in-1 White 25.5 g,Nescafé 3-in-1 White 25.5 g,240,106.59,coffee,,
f9baf0f4-2ccc-8908-cdef-3456789012ab,GRE207,Nescafé Classic 2 g,Nescafé Classic 2 g,20,92.2,coffee,,
fabaf0f5-3ddd-9019-defa-4567890123ab,GRE65,Nescafé Brown Barako 52 g,Nescafé Brown Barako 52 g,12,198.15,coffee,,
fbbaf0f6-4eee-012a-abcd-5678901234ab,NES49A,Nestlé All-Purpose 125 ml,Nestlé All-Purpose 125 ml,60,20.83,dairy,,
fcbaf0f7-5fff-123b-cdef-6789012345ab,NES88,Nestlé Honey Stars 150 g,Nestlé Honey Stars 150 g,18,98.93,cereal,,
fdbaf0f8-6000-234c-defa-7890123456ab,NIS53,Nissin Cup Seafood 60 g,Nissin Cup Seafood 60 g,36,46.35,noodles,,
febaf0f9-7111-345d-efab-8901234567ab,NIS54,Nissin Cup Hot Creamy 48 g,Nissin Cup Hot Creamy 48 g,48,46.35,noodles,,
ffbaf0fa-8222-456e-abcd-9012345678ab,NIS65,Nissin Cup Korean Stew 48 g,Nissin Cup Korean Stew 48 g,48,46.35,noodles,,
00baf0fb-9333-567f-cdef-0123456789ab,NIS50,Nissin Wafer Peanut 50 g,Nissin Wafer Peanut 50 g,60,12.52,snack,,
01baf0fc-a444-6780-abcd-1234567890ab,NUT02,Nutella Spread 350 g,Nutella Spread 350 g,12,294.21,spread,,
02baf0fd-b555-9011-cdef-2345678901ab,NUT06,Nutri-Star Chicken 23 g,Nutri-Star Chicken 23 g,100,27.31,snack,,
03baf0fe-c666-0122-defa-3456789012ab,OIS117,Oishi Ridges 60 g,Oishi Ridges 60 g,30,30.68,snack,,
04baf0ff-d777-1233-efab-4567890123ab,OIS186,Oishi Potato Fries 50 g,Oishi Potato Fries 50 g,50,13.65,snack,,
05baf100-e888-2344-cdef-5678901234ab,OIS203,Oishi Bread Pan Cheese 24 g,Oishi Bread Pan Cheese 24 g,100,9.2,snack,,
06baf101-f999-3455-abcd-6789012345ab,OIS235,Oishi Sponge Crunch 30 g,Oishi Sponge Crunch 30 g,100,8.35,snack,,
07baf102-0aaa-4566-bcde-7890123456ab,OIS27,Oishi Prawn Cracker 60 g,Oishi Prawn Cracker 60 g,50,18.4,snack,,
08baf103-1bbb-5677-cdef-8901234567ab,OIS52,Oishi Bread Pan Garlic 24 g,Oishi Bread Pan Garlic 24 g,100,9.2,snack,,
09baf104-2ccc-6788-defa-9012345678ab,OIS90,Oishi Potato Crisp Beef 18 g,Oishi Potato Crisp Beef 18 g,100,9.2,snack,,
0abaf105-3ddd-7899-efab-0123456789ab,OIS92,Oishi Potato Crisp Garlic 18 g,Oishi Potato Crisp Garlic 18 g,100,9.2,snack,,
0bbaf106-4eee-890a-abcd-1234567890ab,OIS93,Oishi Potato Crisp Tomato 18 g,Oishi Potato Crisp Tomato 18 g,100,9.2,snack,,
0cbaf107-5fff-901b-cdef-2345678901ab,OIS94,Oishi Potato Crisp Cheese 18 g,Oishi Potato Crisp Cheese 18 g,100,9.2,snack,,
0dbaf108-6000-012c-defa-3456789012ab,OIS19,Oishi Cheese Sticks 85 g,Oishi Cheese Sticks 85 g,30,28.47,snack,,
0ebaf109-7111-123d-efab-4567890123ab,OIS329,Oishi Potato Chips 60 g,Oishi Potato Chips 60 g,30,15.2,snack,,
0fbaf10a-8222-234e-abcd-5678901234ab,OIS37,Oishi Fries Cheese 50 g,Oishi Fries Cheese 50 g,50,18.4,snack,,
10baf10b-9333-345f-bcde-6789012345ab,OIS39,Oishi Fries Cheese 90 g,Oishi Fries Cheese 90 g,30,22.45,snack,,
11baf10c-a444-4560-cdef-7890123456ab,OIS75,Oishi Spicy Seafood 90 g,Oishi Spicy Seafood 90 g,30,22.45,snack,,
12baf10d-b555-5671-defa-8901234567ab,ORE06,Oreo Sandwich 119.6 g,Oreo Sandwich 119.6 g,12,70.21,snack,,
13baf10e-c666-6782-cdef-9012345678ab,ORE14,Oreo Sandwich 27.6 g,Oreo Sandwich 27.6 g,12,69,snack,,
14baf10f-d777-7893-defa-0123456789ab,ORE20,Oreo Mini 20.4 g,Oreo Mini 20.4 g,6,78.34,snack,,
15baf110-e888-8904-cdef-1234567890ab,PAM51,Pampers Baby Dry L 68 S,Pampers Baby Dry L 68 S,3,76.31,personal_care,,
16baf111-f999-9015-cdef-2345678901ab,PAM72,Pampers Pants M 34 S,Pampers Pants M 34 S,4,33.35,personal_care,,
17baf112-0aaa-0126-defa-3456789012ab,PAM74E,Pampers Pants L 30 S,Pampers Pants L 30 S,6,38.27,personal_care,,
18baf113-1bbb-1237-efab-4567890123ab,PAY01,Payless Mami Beef 55 g,Payless Mami Beef 55 g,72,16.6,noodles,,
19baf114-2ccc-2348-cdef-5678901234ab,PAY02,Payless Mami Chicken 55 g,Payless Mami Chicken 55 g,72,16.6,noodles,,
1abaf115-3ddd-3459-cdef-6789012345ab,PAY05,Payless Canton Kalamansi 70 g,Payless Canton Kalamansi 70 g,72,15.48,noodles,,
1bbaf116-4eee-456a-bcde-7890123456ab,PAY07,Payless Canton Kalamansi 125 g,Payless Canton Kalamansi 125 g,48,14.93,noodles,,
1cbaf117-5fff-567b-cdef-8901234567ab,PAY08,Payless Canton Original 125 g,Payless Canton Original 125 g,48,14.93,noodles,,
1dbaf118-6000-678c-defa-9012345678ab,PEE03,Peewee Barbecue 25 g,Peewee Barbecue 25 g,100,6.81,snack,,
1ebaf119-7111-789d-efab-0123456789ab,PEE05,Peewee Pizza 25 g,Peewee Pizza 25 g,100,6.81,snack,,
1fbaf11a-8222-890e-abcd-1234567890ab,PER37D,Perla Bar Blue 380 g,Perla Bar Blue 380 g,48,79.37,laundry,,
20baf11b-9333-901f-bcde-2345678901ab,PER41D,Perla Bar White 380 g,Perla Bar White 380 g,48,79.37,laundry,,
21baf11c-a444-0120-cdef-3456789012ab,PIA04,Piattos Sour Cream 85 g,Piattos Sour Cream 85 g,50,31.92,snack,,
22baf11d-b555-1231-cdef-4567890123ab,PLU01,Plus King Grape 250 ml,Plus King Grape 250 ml,10,9.74,beverage,,
23baf11e-c666-2342-defa-5678901234ab,PLU02,Plus King Guyabano 250 ml,Plus King Guyabano 250 ml,10,9.74,beverage,,
24baf11f-d777-3453-cdef-6789012345ab,PLU11,Plus King Orange 250 ml,Plus King Orange 250 ml,10,8.86,beverage,,
25baf120-e888-4564-bcde-7890123456ab,PLU12,Plus King Apple 250 ml,Plus King Apple 250 ml,10,8.86,beverage,,
26baf121-f999-5675-cdef-8901234567ab,PLU16,Plus King Mango 250 ml,Plus King Mango 250 ml,10,8.86,beverage,,
27baf122-0aaa-6786-defa-9012345678ab,PLU17,Plus King Pineapple 250 ml,Plus King Pineapple 250 ml,10,8.86,beverage,,
28baf123-1bbb-7897-abcd-0123456789ab,POC02A,Pocari Sweat 500 ml,Pocari Sweat 500 ml,24,165.53,beverage,,
29baf124-2ccc-8908-bcde-1234567890ab,POT08,Potato Chips Classic 60 g,Potato Chips Classic 60 g,50,35.62,snack,,
2abaf125-3ddd-9019-cdef-2345678901ab,PRI04,Pringles Original 42 g,Pringles Original 42 g,12,41.55,snack,,
2bbaf126-4eee-012a-bcde-3456789012ab,PRI17D,Pringles Sour Cream 102 g,Pringles Sour Cream 102 g,12,74.18,snack,,
2cbaf127-5fff-123b-cdef-4567890123ab,PRI26,Pringles Barbecue 107 g,Pringles Barbecue 107 g,12,94.33,snack,,
2dbaf128-6000-234c-defa-5678901234ab,PRI31D,Pringles Cheese 102 g,Pringles Cheese 102 g,12,74.18,snack,,
2ebaf129-7111-345d-efab-6789012345ab,PRI02,Pride Powder 1 kg,Pride Powder 1 kg,12,88.49,laundry,,
2fbaf12a-8222-456e-abcd-7890123456ab,PRI130,Pride Powder 40 g,Pride Powder 40 g,50,21.25,laundry,,
30baf12b-9333-567f-cdef-8901234567ab,PRO27Y,Promil Four 3+ 1.8 kg,Promil Four 3+ 1.8 kg,1,931.36,baby_food,,
31baf12c-a444-6780-abcd-9012345678ab,PAM51,Pampers Pants L 4 S,Pampers Pants L 4 S,32,34.02,personal_care,,
32baf12d-b555-9011-cdef-0123456789ab,PAM74E,Pampers Pants XL 4 S,Pampers Pants XL 4 S,40,35.92,personal_care,,
33baf12e-c666-0122-defa-1234567890ab,QUA13,Quaker Instant Banana 500 g,Quaker Instant Banana 500 g,24,114.04,cereal,,
34baf12f-d777-1233-cdef-2345678901ab,QUA24,Quaker Quick Cook 200 g,Quaker Quick Cook 200 g,24,47.67,cereal,,
35baf130-e888-2344-cdef-3456789012ab,QUE05,Queen All-Purpose 200 g,Queen All-Purpose 200 g,48,32.95,baking,,
36baf131-f999-3455-cdef-4567890123ab,QUI03,Quickchow Chicken 55 g,Quickchow Chicken 55 g,72,16.6,noodles,,
37baf132-0aaa-4566-abcd-5678901234ab,RAM03,Ram Bread Crumbs 230 g,Ram Bread Crumbs 230 g,24,35.41,baking,,
38baf133-1bbb-5677-bcde-6789012345ab,RAM01,Ram Garbanzos 225 g,Ram Garbanzos 225 g,48,52.57,canned_vegetable,,
39baf134-2ccc-6788-cdef-7890123456ab,RAM59,Ram Salted Black Beans 100 g,Ram Salted Black Beans 100 g,48,15.72,canned_vegetable,,
3abaf135-3ddd-7899-cdef-8901234567ab,REG89,Regent Tempura 100 g,Regent Tempura 100 g,25,39.64,snack,,
3bbaf136-4eee-890a-abcd-9012345678ab,ROL03,Regent Lobster 100 g,Regent Lobster 100 g,25,39.64,snack,,
3cbaf137-5fff-901b-cdef-0123456789ab,REL07,Relish Vermicelli 80 g,Relish Vermicelli 80 g,250,0.32,pasta,,
3dbaf138-6000-012c-defa-1234567890ab,REJ05,Rejoice Rich 170 ml,Rejoice Rich 170 ml,24,123.29,personal_care,,
3ebaf139-7111-123d-efab-2345678901ab,RIT12,Rite N Lite Orange 250 ml,Rite N Lite Orange 250 ml,24,25.58,beverage,,
3fbaf13a-8222-234e-abcd-3456789012ab,RIT13,Rite N Lite Root Beer 250 ml,Rite N Lite Root Beer 250 ml,24,25.58,beverage,,
40baf13b-9333-345f-bcde-4567890123ab,RIT16,Rite N Lite Lychee 250 ml,Rite N Lite Lychee 250 ml,24,25.63,beverage,,
41baf13c-a444-4560-cdef-5678901234ab,ROS05,Rose Straw 50 g,Rose Straw 50 g,50,17.19,household,,
42baf13d-b555-5671-cdef-6789012345ab,REX05,Rexona Ice Cool 25 ml,Rexona Ice Cool 25 ml,24,47.48,personal_care,,
43baf13e-c666-6782-cdef-7890123456ab,REX08,Rexona Passion 25 ml,Rexona Passion 25 ml,24,47.48,personal_care,,
44baf13f-d777-7893-abcd-8901234567ab,SAN61C,San Miguel Coffee 7 g,San Miguel Coffee 7 g,15,99.93,coffee,,
45baf140-e888-8904-bcde-9012345678ab,SAN74,San Remo Fettuccine 500 g,San Remo Fettuccine 500 g,20,88.76,pasta,,
46baf141-f999-9015-cdef-0123456789ab,SAN116,Sanicare Bath 3-Ply 12 S,Sanicare Bath 3-Ply 12 S,8,25,paper,,
47baf142-0aaa-0126-defa-1234567890ab,SIL19,Silver Swan Patis 350 ml,Silver Swan Patis 350 ml,24,22.85,condiment,,
48baf143-1bbb-1237-efab-2345678901ab,SIL60,Silver Swan Beans 100 g,Silver Swan Beans 100 g,72,15.28,condiment,,
49baf144-2ccc-2348-cdef-3456789012ab,SIL74,Silver Swan Soy Sauce 200 ml,Silver Swan Soy Sauce 200 ml,60,3.33,condiment,,
4abaf145-3ddd-3459-cdef-4567890123ab,SIL97,Silver Swan Soy Sauce 100 ml,Silver Swan Soy Sauce 100 ml,72,7.64,condiment,,
4bbaf146-4eee-456a-bcde-5678901234ab,SKY16,Sky Flakes 900 g,Sky Flakes 900 g,12,183.45,snack,,
4cbaf147-5fff-567b-cdef-6789012345ab,SKY27,Sky Flakes 25 g,Sky Flakes 25 g,15,75.51,snack,,
4dbaf148-6000-678c-defa-7890123456ab,SKY19,Sky Flakes Fit 25 g,Sky Flakes Fit 25 g,30,74.87,snack,,
4ebaf149-7111-789d-efab-8901234567ab,STI02,Stik-O Junior 380 g,Stik-O Junior 380 g,12,152.37,snack,,
4fbaf14a-8222-890e-abcd-9012345678ab,STI03,Stik-O 850 g,Stik-O 850 g,6,318.87,snack,,
50baf14b-9333-901f-bcde-0123456789ab,STI16,Stik-O Mini 60 g,Stik-O Mini 60 g,30,16.81,snack,,
51baf14c-a444-0120-cdef-1234567890ab,STR21B,Strepsils Honey 8 S,Strepsils Honey 8 S,36,181.98,healthcare,,
52baf14d-b555-1231-cdef-2345678901ab,STR22B,Strepsils Cool 8 S,Strepsils Cool 8 S,36,181.98,healthcare,,
53baf14e-c666-2342-defa-3456789012ab,SUM01,Summit 4 l,Summit 4 l,4,45.09,beverage,,
54baf14f-d777-3453-cdef-4567890123ab,SUM14,Summit 6 l,Summit 6 l,3,61.7,beverage,,
55baf150-e888-4564-bcde-5678901234ab,SUP03,Superstix Milk 300 g,Superstix Milk 300 g,12,121.42,snack,,
56baf151-f999-5675-cdef-6789012345ab,SUP05,Superstix Pandan 330 g,Superstix Pandan 330 g,12,121.42,snack,,
57baf152-0aaa-6786-defa-7890123456ab,SUR161,Surf Bar Kalamansi 360 g,Surf Bar Kalamansi 360 g,36,10,laundry,,
58baf153-1bbb-7897-efab-8901234567ab,SUR163,Surf Bar Tawas 360 g,Surf Bar Tawas 360 g,36,10,laundry,,
59baf154-2ccc-8908-cdef-9012345678ab,SUR167C,Surf Blossom Fresh 360 g,Surf Blossom Fresh 360 g,18,10.31,laundry,,
5abaf155-3ddd-9019-cdef-0123456789ab,SUR56,Surf Purple Blooms 120 g,Surf Purple Blooms 120 g,96,3.75,laundry,,
5bbaf156-4eee-012a-abcd-1234567890ab,SWE08,Sweet Corn 60 g,Sweet Corn 60 g,25,25.13,snack,,
5cbaf157-5fff-123b-cdef-2345678901ab,SWE08,Sweet Station 250 g,Sweet Station 250 g,24,67.21,snack,,
5dbaf158-6000-234c-defa-3456789012ab,TAN139,Tang Apple 19 g,Tang Apple 19 g,144,13.92,beverage,,
5ebaf159-7111-345d-efab-4567890123ab,TAN27,Tang Four Seasons 19 g,Tang Four Seasons 19 g,144,13.92,beverage,,
5fbaf15a-8222-456e-abcd-5678901234ab,TAN45,Tang Calamansi 19 g,Tang Calamansi 19 g,144,13.92,beverage,,
60baf15b-9333-567f-bcde-6789012345ab,TEN09C,Tender Love Sweet 80 S,Tender Love Sweet 80 S,12,56.25,personal_care,,
61baf15c-a444-6780-cdef-7890123456ab,TEN27,Tender Love Aloe 80 S,Tender Love Aloe 80 S,36,56.25,personal_care,,
62baf15d-b555-9011-cdef-8901234567ab,TEN08C,Tender Love Papaya 80 S,Tender Love Papaya 80 S,12,56.25,personal_care,,
63baf15e-c666-0122-defa-0123456789ab,TRO02,Tropicana Orange 355 ml,Tropicana Orange 355 ml,24,26.76,beverage,,
64baf15f-d777-1233-efab-1234567890ab,TRO26,Tropicana Orange 1 l,Tropicana Orange 1 l,12,56.77,beverage,,
65baf160-e888-2344-cdef-2345678901ab,TRU03B,Trust Strawberry 3 S,Trust Strawberry 3 S,24,26.39,personal_care,,
66baf161-f999-3455-cdef-3456789012ab,TRU06B,Trust Ultra Thin 3 S,Trust Ultra Thin 3 S,24,26.39,personal_care,,
67baf162-0aaa-4566-defa-4567890123ab,UFC41,UFC Hapi Fiesta 1 l,UFC Hapi Fiesta 1 l,12,115.64,cooking_oil,,
68baf163-1bbb-5677-cdef-5678901234ab,UFC82G,UFC Golden Fiesta 2×1 l,UFC Golden Fiesta 2×1 l,6,236.63,cooking_oil,,
69baf164-2ccc-6788-cdef-6789012345ab,VER04A,Verygood Dishwashing 250 ml,Verygood Dishwashing 250 ml,24,47.03,dish,,
6abaf165-3ddd-7899-cdef-7890123456ab,VCU06,V-Cut Cheese 25 g,V-Cut Cheese 25 g,80,15.81,snack,,
6bbaf166-4eee-890a-abcd-8901234567ab,VCU03,V-Cut Spicy 155 g,V-Cut Spicy 155 g,18,103.27,snack,,
6cbaf167-5fff-901b-cdef-9012345678ab,VIC04B,Vicks Baby Balm 20 g,Vicks Baby Balm 20 g,12,11.57,healthcare,,
6dbaf168-6000-012c-defa-0123456789ab,VIC07B,Vicks Inhaler 0.5 ml,Vicks Inhaler 0.5 ml,6,31.1,healthcare,,
6ebaf169-7111-123d-efab-1234567890ab,WHI118A,Whisper Dry 8 S,Whisper Dry 8 S,48,28.12,personal_care,,
6fbaf16a-8222-234e-abcd-2345678901ab,WHI175,Whisper Cottony 8 S,Whisper Cottony 8 S,48,28.12,personal_care,,
70baf16b-9333-345f-bcde-3456789012ab,WHI60A,Whisper Long 8 S,Whisper Long 8 S,24,86.46,personal_care,,
71baf16c-a444-4560-cdef-4567890123ab,WHI04A,White King Fiesta 400 g,White King Fiesta 400 g,24,42.09,noodles,,
72baf16d-b555-5671-cdef-5678901234ab,WIN07B,Winston Blue 20 S,Winston Blue 20 S,50,56.25,tobacco,,
73baf16e-c666-6782-cdef-6789012345ab,WIN30B,Winston Red 20 S,Winston Red 20 S,50,56.25,tobacco,,
74baf16f-d777-7893-cdef-7890123456ab,ZON22,Zonrox Bleach Floral 250 ml,Zonrox Bleach Floral 250 ml,48,16.19,household,,/images/products/ZON22.png
75baf170-e888-8904-cdef-8901234567ab,ZON52,Zonrox Bleach Color Safe 225 ml,Zonrox Bleach Color Safe 225 ml,48,15,household,,/images/products/ZON52.jpeg
76baf171-f999-9015-cdef-9012345678ab,ZON54,Zonrox Bleach Color Safe 900 ml,Zonrox Bleach Color Safe 900 ml,24,66.83,household,,/images/products/ZON54.jpeg